Timestamp,Open,High,Low,Close,Volume
2021-01-04T14:30:00Z,156.6700,158.1800,156.5400,157.5400,13152900
2021-01-05T14:30:00Z,156.9500,156.9500,155.6600,156.3700,10458100
2021-01-06T14:30:00Z,153.8200,153.8500,152.2900,153.1600,22827300
2021-01-07T14:30:00Z,151.7900,152.1700,151.2600,151.8100,14651900
2021-01-08T14:30:00Z,151.4800,151.9600,150.6600,151.3200,13622500
2021-01-11T14:30:00Z,151.0000,151.2100,150.4900,151.0700,8370700
2021-01-12T14:30:00Z,150.7900,151.1600,149.9300,150.9500,12186300
2021-01-13T14:30:00Z,151.6600,153.0700,151.5700,152.6500,12533300
2021-01-14T14:30:00Z,152.5800,152.6400,150.7900,151.2200,14835500
2021-01-15T14:30:00Z,152.1900,152.3600,151.4700,151.8200,11624700
2021-01-19T14:30:00Z,151.6200,152.3600,151.5100,152.3100,9575600
2021-01-20T14:30:00Z,151.9900,152.4800,151.7900,152.4600,5368900
2021-01-21T14:30:00Z,151.4400,151.7500,151.1000,151.3900,8162700
2021-01-22T14:30:00Z,151.8500,152.0100,151.4200,151.8800,9507200
2021-01-25T14:30:00Z,152.7600,153.6900,152.6400,153.6700,8712600
2021-01-26T14:30:00Z,153.1000,153.6000,152.9200,153.3800,7690300
2021-01-27T14:30:00Z,154.0700,154.5000,153.5300,153.7700,7895200
2021-01-28T14:30:00Z,153.4000,153.4600,152.1600,152.9200,10667800
2021-01-29T14:30:00Z,151.4200,152.4900,151.3000,152.0000,14965900
2021-02-01T14:30:00Z,151.6600,152.3600,151.4900,152.0000,8165500
2021-02-02T14:30:00Z,150.7400,151.0900,150.5200,151.0200,9177500
2021-02-03T14:30:00Z,150.4300,150.5900,149.5800,149.6800,9633100
2021-02-04T14:30:00Z,149.1600,149.4900,148.8000,149.2800,8262600
2021-02-05T14:30:00Z,149.1000,149.5700,148.0200,148.0300,10258900
2021-02-08T14:30:00Z,148.3000,149.2600,148.0400,148.6800,11574800
2021-02-09T14:30:00Z,149.2200,149.6700,148.6600,148.7900,5218300
2021-02-10T14:30:00Z,149.2800,149.7800,149.1400,149.7800,8079800
2021-02-11T14:30:00Z,149.6800,149.7900,148.7500,148.9600,11962700
2021-02-12T14:30:00Z,147.7000,148.0800,147.0300,147.1100,14088400
2021-02-16T14:30:00Z,145.2200,145.6600,144.6600,144.8700,17789100
2021-02-17T14:30:00Z,145.9500,146.3800,144.9800,145.7900,11199100
2021-02-18T14:30:00Z,144.6100,145.6000,144.3200,145.2000,10755300
2021-02-19T14:30:00Z,144.0600,144.3200,142.8500,143.2700,12741700
2021-02-22T14:30:00Z,143.0300,143.7400,141.7200,142.1800,13203900
2021-02-23T14:30:00Z,141.5200,142.5000,141.1400,141.7700,12658500
2021-02-24T14:30:00Z,139.3500,141.1800,139.1600,140.8400,17363100
2021-02-25T14:30:00Z,139.5200,139.9200,136.6100,138.5400,52621700
2021-02-26T14:30:00Z,140.7700,143.3000,139.6800,143.1200,45423300
2021-03-01T14:30:00Z,140.6600,141.4100,140.0900,141.0600,22048000
2021-03-02T14:30:00Z,140.4000,141.1300,140.2900,141.0700,12482200
2021-03-03T14:30:00Z,139.3800,140.1500,138.7600,139.5400,19763700
2021-03-04T14:30:00Z,139.6300,139.9400,137.9600,138.6400,22366600
2021-03-05T14:30:00Z,138.1700,139.3400,137.9900,138.9100,20598000
2021-03-08T14:30:00Z,138.8300,138.9000,137.8300,137.8300,15236600
2021-03-09T14:30:00Z,139.2700,139.8200,138.9700,139.7400,14463400
2021-03-10T14:30:00Z,139.8000,140.1500,139.2800,140.0200,12387600
2021-03-11T14:30:00Z,139.1700,139.3800,138.4600,139.0100,14150700
2021-03-12T14:30:00Z,136.4000,136.4600,135.6500,136.0600,20402700
2021-03-15T13:30:00Z,136.4900,137.0900,136.4100,136.8600,11366500
2021-03-16T13:30:00Z,137.0200,137.1200,135.7500,136.3100,15567900
2021-03-17T13:30:00Z,135.1500,135.5300,134.1500,135.2900,27107500
2021-03-18T13:30:00Z,133.3100,134.4700,133.1900,133.9200,21615100
2021-03-19T13:30:00Z,134.0800,134.8300,133.8000,134.7500,18685000
2021-03-22T13:30:00Z,135.6900,136.4100,135.3700,136.2600,17047500
2021-03-23T13:30:00Z,136.5900,137.5400,136.1500,137.4900,16768400
2021-03-24T13:30:00Z,137.0600,138.2800,136.9500,138.2300,13863000
2021-03-25T13:30:00Z,138.3900,138.6600,137.0900,137.1400,20782000
2021-03-26T13:30:00Z,136.4200,137.2400,136.2200,136.6600,8433300
2021-03-29T13:30:00Z,136.8300,136.8500,134.9700,135.5000,13968100
2021-03-30T13:30:00Z,135.3000,136.5100,135.0100,136.2100,15020800
2021-03-31T13:30:00Z,136.3400,136.5900,134.9800,135.4500,19271300
2021-04-01T13:30:00Z,136.5500,137.6200,136.3000,137.5100,14885900
2021-04-05T13:30:00Z,136.5500,136.9700,135.9400,136.9100,8243000
2021-04-06T13:30:00Z,137.1600,137.9800,137.0100,137.8400,9282400
2021-04-07T13:30:00Z,137.4500,138.1000,136.8800,136.8800,11052700
2021-04-08T13:30:00Z,137.3900,138.0700,137.3600,138.0100,7847900
2021-04-09T13:30:00Z,137.5000,138.1900,137.0900,137.5100,8717800
2021-04-12T13:30:00Z,137.4600,137.5300,137.1000,137.4500,7659000
2021-04-13T13:30:00Z,137.3000,138.5100,137.2000,138.4800,13232800
2021-04-14T13:30:00Z,138.0300,138.2400,137.5700,138.0400,7293200
2021-04-15T13:30:00Z,139.4900,140.9800,139.4600,140.3500,23896700
2021-04-16T13:30:00Z,139.1000,139.7300,138.9300,139.2600,15238400
2021-04-19T13:30:00Z,138.7400,139.3100,138.5500,138.8600,13886800
2021-04-20T13:30:00Z,138.4500,139.7600,138.4300,139.5000,11476500
2021-04-21T13:30:00Z,139.5400,139.9100,139.0700,139.7800,11902200
2021-04-22T13:30:00Z,140.0000,140.3900,139.2000,140.3900,14156400
2021-04-23T13:30:00Z,140.3800,140.4700,139.4900,140.0600,12302200
2021-04-26T13:30:00Z,140.1500,140.5100,139.8500,139.8600,9103500
2021-04-27T13:30:00Z,139.5900,139.8200,138.5300,138.6400,14137300
2021-04-28T13:30:00Z,138.6500,138.8900,137.9600,138.7300,15263700
2021-04-29T13:30:00Z,137.4500,138.3600,137.1300,138.3200,17178200
2021-04-30T13:30:00Z,138.5100,138.7300,137.9800,138.6400,15692000
2021-05-03T13:30:00Z,138.7000,139.6500,138.2800,138.5200,16447700
2021-05-04T13:30:00Z,139.4900,140.1600,139.1600,139.4600,18639700
2021-05-05T13:30:00Z,139.0300,139.8500,138.9200,139.6900,11127900
2021-05-06T13:30:00Z,139.2500,140.1900,139.2000,139.9200,21907600
2021-05-07T13:30:00Z,140.1000,140.6000,138.9100,139.2300,18346900
2021-05-10T13:30:00Z,138.9500,139.2500,137.6900,137.8200,15146200
2021-05-11T13:30:00Z,137.2300,137.4800,136.7700,137.0400,15158600
2021-05-12T13:30:00Z,136.6700,136.8000,135.3600,135.6000,20859400
2021-05-13T13:30:00Z,135.9300,136.3700,135.6300,135.8100,13073900
2021-05-14T13:30:00Z,136.5300,137.0800,136.2200,137.0800,17566700
2021-05-17T13:30:00Z,136.8300,137.1700,136.5700,136.7900,6113800
2021-05-18T13:30:00Z,136.4000,136.5700,136.0700,136.4400,11423100
2021-05-19T13:30:00Z,136.5400,137.3000,135.6200,136.1100,14296000
2021-05-20T13:30:00Z,136.7600,137.4900,136.6700,137.2300,13310500
2021-05-21T13:30:00Z,137.6600,137.7000,137.0600,137.6700,10171600
2021-05-24T13:30:00Z,137.9900,138.5800,137.8900,138.1800,6868700
2021-05-25T13:30:00Z,138.6300,139.5000,138.6200,139.4600,12346900
2021-05-26T13:30:00Z,139.5900,139.9100,138.8800,139.2200,9793700
2021-05-27T13:30:00Z,138.5000,138.6900,137.9900,138.6600,10695200
2021-05-28T13:30:00Z,138.5800,139.3000,138.3400,138.4400,10258000
2021-06-01T13:30:00Z,137.8200,138.2600,137.2500,138.2100,11778500
2021-06-02T13:30:00Z,138.5500,138.7900,138.3200,138.5300,7347900
2021-06-03T13:30:00Z,138.5100,138.5100,137.8500,138.0100,10994000
2021-06-04T13:30:00Z,138.5200,139.9000,138.5200,139.9000,15773700
2021-06-07T13:30:00Z,139.5900,139.7100,139.3200,139.4700,7799800
2021-06-08T13:30:00Z,140.6600,140.6600,140.2100,140.4500,11230900
2021-06-09T13:30:00Z,141.7600,142.1500,141.2500,141.6900,12768300
2021-06-10T13:30:00Z,140.8300,142.5600,140.6800,142.5400,19698300
2021-06-11T13:30:00Z,142.3100,142.4000,141.8400,142.3100,8646700
2021-06-14T13:30:00Z,142.1000,142.1000,141.0100,141.2200,9401300
2021-06-15T13:30:00Z,140.8000,141.0900,140.4800,141.0500,18207300
2021-06-16T13:30:00Z,141.4000,141.6700,140.2100,140.9300,19676300
2021-06-17T13:30:00Z,141.8600,144.9300,141.6400,143.0400,35225800
2021-06-18T13:30:00Z,144.2800,146.0400,144.1200,145.7300,26616900
2021-06-21T13:30:00Z,144.3900,144.4900,143.0200,143.2900,16485000
2021-06-22T13:30:00Z,142.1700,143.6800,142.1200,143.6400,14530200
2021-06-23T13:30:00Z,143.1100,143.5000,142.7100,143.2700,12040900
2021-06-24T13:30:00Z,143.4200,143.9000,143.3300,143.5000,8788400
2021-06-25T13:30:00Z,143.2600,143.4000,141.3700,142.0100,15562200
2021-06-28T13:30:00Z,142.7200,143.8000,142.7000,143.4700,11460700
2021-06-29T13:30:00Z,143.1000,143.7200,143.0400,143.7100,11217900
2021-06-30T13:30:00Z,144.2500,144.9300,144.0700,144.3500,15708900
2021-07-01T13:30:00Z,143.9800,144.3100,143.5300,144.1700,10810000
2021-07-02T13:30:00Z,144.2300,145.0400,144.1100,145.0400,9650200
2021-07-06T13:30:00Z,145.7200,146.9900,145.7200,146.7400,20037200
2021-07-07T13:30:00Z,147.5700,148.5600,147.2200,148.0400,20964400
2021-07-08T13:30:00Z,148.8800,149.4400,148.1700,148.6200,17487800
2021-07-09T13:30:00Z,146.8700,146.9900,146.4900,146.5300,14483600
2021-07-12T13:30:00Z,147.0900,147.2300,146.1700,146.3400,10610400
2021-07-13T13:30:00Z,146.8200,147.4600,144.6400,145.2200,23340200
2021-07-14T13:30:00Z,146.0100,146.9200,145.8100,146.8700,16038600
2021-07-15T13:30:00Z,147.9500,148.6000,147.0300,148.4900,18462400
2021-07-16T13:30:00Z,147.3400,148.3400,147.3200,148.2100,12787900
2021-07-19T13:30:00Z,150.9500,151.9500,150.6200,151.4600,40203900
2021-07-20T13:30:00Z,152.5300,152.7100,149.7600,150.0000,25674800
2021-07-21T13:30:00Z,148.1800,148.5000,146.6700,148.1000,19988900
2021-07-22T13:30:00Z,148.1100,149.8100,148.0600,149.5000,18136900
2021-07-23T13:30:00Z,147.9400,148.6600,147.8900,148.5000,12639300
2021-07-26T13:30:00Z,149.0000,149.0600,147.8800,148.0600,10737700
2021-07-27T13:30:00Z,149.3300,149.6900,148.9900,149.6400,13036500
2021-07-28T13:30:00Z,148.6700,149.6700,148.2700,149.6500,14346700
2021-07-29T13:30:00Z,148.7800,149.2200,148.5300,148.8200,11532000
2021-07-30T13:30:00Z,149.1300,149.7200,149.0600,149.5200,14342100
2021-08-02T13:30:00Z,149.4500,151.2300,149.1800,150.6700,21232700
2021-08-03T13:30:00Z,150.7500,151.2300,150.3900,150.7500,13361900
2021-08-04T13:30:00Z,151.5000,151.8200,149.7200,151.0600,18267900
2021-08-05T13:30:00Z,150.7600,150.9200,150.0000,150.2900,15345400
2021-08-06T13:30:00Z,148.3200,148.7600,147.6900,147.7800,21144300
2021-08-09T13:30:00Z,148.1500,148.5600,147.2300,147.2500,12942400
2021-08-10T13:30:00Z,147.4900,147.5700,146.5600,146.5700,13716900
2021-08-11T13:30:00Z,146.4100,147.2300,145.7100,146.4800,17227600
2021-08-12T13:30:00Z,146.0900,146.4400,145.4300,146.2400,14709400
2021-08-13T13:30:00Z,146.8300,148.5600,146.8100,148.5500,18653800
2021-08-16T13:30:00Z,149.1900,150.0200,148.8100,148.9100,19170900
2021-08-17T13:30:00Z,148.8800,149.4700,148.6700,148.8500,14126900
2021-08-18T13:30:00Z,148.7100,149.4700,148.4500,149.3500,13144000
2021-08-19T13:30:00Z,150.3100,150.4600,149.8100,150.4500,15474300
2021-08-20T13:30:00Z,150.5900,150.8100,150.1100,150.5500,12388400
2021-08-23T13:30:00Z,150.2000,150.5000,149.9200,150.4500,10615000
2021-08-24T13:30:00Z,149.7600,150.0700,149.2800,149.2800,13835900
2021-08-25T13:30:00Z,149.2100,149.3700,147.5800,148.0400,16743800
2021-08-26T13:30:00Z,147.9700,148.5700,147.5100,148.4500,16657400
2021-08-27T13:30:00Z,148.5700,149.4900,148.3300,149.4600,15384700
2021-08-30T13:30:00Z,148.9900,149.9000,148.9300,149.8500,10596300
2021-08-31T13:30:00Z,149.6700,150.0900,148.5000,148.8300,15262400
2021-09-01T13:30:00Z,149.2700,149.3900,148.4900,148.8900,10807100
2021-09-02T13:30:00Z,149.2400,149.5500,148.7500,149.5400,9765900
2021-09-03T13:30:00Z,148.2700,148.5100,147.9400,148.1800,12928000
2021-09-07T13:30:00Z,147.2600,147.5200,146.6600,146.9300,15547800
2021-09-08T13:30:00Z,147.6600,148.1900,147.3900,147.9300,14533700
2021-09-09T13:30:00Z,148.1700,149.8900,147.8500,149.7200,20324600
2021-09-10T13:30:00Z,148.9000,149.1700,148.1600,148.4000,14894600
2021-09-13T13:30:00Z,149.0400,149.4900,148.9500,149.3000,15036100
2021-09-14T13:30:00Z,149.7300,151.5700,149.5800,151.1100,19918400
2021-09-15T13:30:00Z,151.2100,151.2500,149.9300,150.5800,11940300
2021-09-16T13:30:00Z,149.6700,150.4500,149.5000,149.8900,13328900
2021-09-17T13:30:00Z,149.1800,149.3600,148.7000,149.1700,13782900
2021-09-20T13:30:00Z,150.5700,151.3700,150.2300,151.0200,14660400
2021-09-21T13:30:00Z,150.7100,150.9600,150.2000,150.8900,10035800
2021-09-22T13:30:00Z,150.7900,151.7900,150.4400,151.7900,22277800
2021-09-23T13:30:00Z,150.4200,150.4500,148.3400,148.3600,23853300
2021-09-24T13:30:00Z,147.8400,147.8500,146.7400,146.9100,20203900
2021-09-27T13:30:00Z,146.0600,146.8700,145.8800,146.3700,13464300
2021-09-28T13:30:00Z,144.3300,145.0700,143.6400,144.0900,26613500
2021-09-29T13:30:00Z,144.8000,145.4300,143.6900,144.3400,23569400
2021-09-30T13:30:00Z,144.1000,144.5100,143.6500,144.3200,22567600
2021-10-01T13:30:00Z,144.8500,145.4000,144.2000,145.3500,26151800
2021-10-04T13:30:00Z,144.6700,145.4600,144.1000,144.9800,28027600
2021-10-05T13:30:00Z,144.6000,144.7000,143.4600,143.5800,22659200
2021-10-06T13:30:00Z,144.2300,144.7200,144.0300,144.3900,18696500
2021-10-07T13:30:00Z,143.1900,143.3400,142.5900,142.8800,14856000
2021-10-08T13:30:00Z,142.2600,142.3500,141.5300,141.8800,17257800
2021-10-11T13:30:00Z,141.6000,141.9000,141.4500,141.5200,7213400
2021-10-12T13:30:00Z,142.6300,144.0100,142.4800,143.9400,17968700
2021-10-13T13:30:00Z,144.6100,145.5300,144.5800,145.3400,23584600
2021-10-14T13:30:00Z,145.3700,145.9600,144.9500,145.8800,12946400
2021-10-15T13:30:00Z,145.0000,145.1400,144.4700,145.0300,11811500
2021-10-18T13:30:00Z,145.0000,146.0000,144.5200,145.7100,12115900
2021-10-19T13:30:00Z,144.6600,144.7300,143.6500,143.7000,12156300
2021-10-20T13:30:00Z,143.2500,143.6800,142.5100,142.7300,12782500
2021-10-21T13:30:00Z,143.0000,143.1500,142.2300,142.5600,13660000
2021-10-22T13:30:00Z,143.4500,144.4000,143.2100,144.1300,13740000
2021-10-25T13:30:00Z,143.6700,144.3000,143.6300,143.9100,8137900
2021-10-26T13:30:00Z,144.6200,145.1000,143.7400,145.1000,13671000
2021-10-27T13:30:00Z,146.4000,148.1800,145.9300,147.7400,22092300
2021-10-28T13:30:00Z,147.7900,148.3300,146.8400,147.2400,17497600
2021-10-29T13:30:00Z,146.4700,148.0000,146.3200,147.6900,19087300
2021-11-01T13:30:00Z,145.8000,146.7600,145.7000,146.4400,18035500
2021-11-02T13:30:00Z,146.5000,147.5700,146.5000,147.0900,9836700
2021-11-03T13:30:00Z,147.8200,147.9800,145.5300,145.5700,20639400
2021-11-04T13:30:00Z,145.8700,147.3600,145.8500,147.1000,15922400
2021-11-05T13:30:00Z,148.5200,149.5800,148.1300,149.3000,21513000
2021-11-08T14:30:00Z,148.9600,149.2800,148.5100,149.0200,12083800
2021-11-09T14:30:00Z,150.8000,151.7700,150.6400,150.9600,23430200
2021-11-10T14:30:00Z,150.8300,150.9300,147.0300,148.2000,28170600
2021-11-11T14:30:00Z,148.5100,148.6600,147.8900,147.9800,5552500
2021-11-12T14:30:00Z,148.0000,148.5100,146.7600,147.3300,12712000
2021-11-15T14:30:00Z,146.8900,146.9600,145.2200,145.4800,15232700
2021-11-16T14:30:00Z,145.6900,146.3800,144.8500,145.1100,12998700
2021-11-17T14:30:00Z,144.5700,146.2900,144.4600,146.2600,14239900
2021-11-18T14:30:00Z,145.9900,146.9000,145.9500,146.8100,11054600
2021-11-19T14:30:00Z,147.5800,148.6000,147.5800,148.3600,14022100
2021-11-22T14:30:00Z,147.4000,147.6400,146.1300,146.6200,15266000
2021-11-23T14:30:00Z,145.9300,146.1100,144.5000,144.5000,15318500
2021-11-24T14:30:00Z,144.9400,146.8200,144.7900,146.8200,13769700
2021-11-26T14:30:00Z,148.8300,150.6800,148.6700,150.5300,20064800
2021-11-29T14:30:00Z,148.3100,149.6400,148.1700,149.3200,23234200
2021-11-30T14:30:00Z,150.8300,152.0700,150.2500,151.5900,31481100
2021-12-01T14:30:00Z,150.4900,152.4100,149.7900,152.3400,30826500
2021-12-02T14:30:00Z,152.9300,152.9900,150.7600,152.5300,17754200
2021-12-03T14:30:00Z,151.6800,155.1200,151.3500,154.3500,34427100
2021-12-06T14:30:00Z,154.0500,154.3500,151.9300,152.2300,30924200
2021-12-07T14:30:00Z,151.7200,152.5300,150.8600,151.0000,22115900
2021-12-08T14:30:00Z,150.4700,150.4800,148.3600,148.3900,33633900
2021-12-09T14:30:00Z,149.3400,149.8400,148.4800,149.2200,17544900
2021-12-10T14:30:00Z,149.9200,150.2400,148.8100,148.8600,14298700
2021-12-13T14:30:00Z,150.3900,151.3100,150.3100,151.0600,17860500
2021-12-14T14:30:00Z,150.3700,150.9300,149.3100,150.7000,14015500
2021-12-15T14:30:00Z,149.6100,150.7900,149.1300,149.2500,25383900
2021-12-16T14:30:00Z,148.7500,149.8800,148.7300,149.1400,18677900
2021-12-17T14:30:00Z,150.3400,150.9800,150.1600,150.8300,18093500
2021-12-20T14:30:00Z,150.7500,151.0200,149.6000,149.7000,17147300
2021-12-21T14:30:00Z,148.1400,149.2000,147.6200,149.1300,16598200
2021-12-22T14:30:00Z,149.7300,149.8600,149.0200,149.8200,12253900
2021-12-23T14:30:00Z,149.5900,149.6000,148.0300,148.5200,11642500
2021-12-27T14:30:00Z,148.4600,149.0100,148.3200,148.8800,7821800
2021-12-28T14:30:00Z,149.6000,149.7800,148.0100,148.2900,9174600
2021-12-29T14:30:00Z,146.9100,147.3100,146.4100,146.6700,11771200
2021-12-30T14:30:00Z,147.2500,147.9700,146.4500,147.9000,10355000
2021-12-31T14:30:00Z,147.8100,149.0300,147.4300,148.1900,13402300
2022-01-03T14:30:00Z,146.4100,146.9400,144.2800,144.3000,33860400
2022-01-04T14:30:00Z,143.6100,144.1300,142.7400,143.7000,21996400
2022-01-05T14:30:00Z,144.1400,144.1600,142.7100,142.9200,20911700
2022-01-06T14:30:00Z,142.5900,143.4400,142.2900,143.2900,18996400
2022-01-07T14:30:00Z,143.1300,143.2400,141.5600,142.2600,18756800
2022-01-10T14:30:00Z,141.6500,142.8100,141.3600,142.6100,13775800
2022-01-11T14:30:00Z,142.8800,143.6300,142.7000,143.5600,24388700
2022-01-12T14:30:00Z,143.9000,144.0100,143.0000,143.0100,14440600
2022-01-13T14:30:00Z,143.3900,144.4200,143.0300,144.2800,15166000
2022-01-14T14:30:00Z,143.4200,143.4600,141.7900,142.1000,22997500
2022-01-18T14:30:00Z,140.9600,141.3100,140.0200,140.1000,21171700
2022-01-19T14:30:00Z,140.5300,141.7100,140.3100,141.0700,17930500
2022-01-20T14:30:00Z,141.3700,141.9900,141.0900,141.9400,13959000
2022-01-21T14:30:00Z,143.4000,144.1000,142.6700,143.6300,28916600
2022-01-24T14:30:00Z,144.3000,144.3700,142.4300,142.4500,25001600
2022-01-25T14:30:00Z,143.1100,143.7100,141.8000,142.2200,15599000
2022-01-26T14:30:00Z,142.2600,142.5700,140.4900,140.5000,23655500
2022-01-27T14:30:00Z,142.4100,143.3700,142.3300,143.0800,21501800
2022-01-28T14:30:00Z,142.0900,143.4600,141.8500,143.1300,12826500
2022-01-31T14:30:00Z,142.1800,142.9500,141.9600,142.3900,13998400
2022-02-01T14:30:00Z,142.2800,142.3600,141.0600,141.7200,20806100
2022-02-02T14:30:00Z,141.9500,143.5700,141.9300,142.2000,18404600
2022-02-03T14:30:00Z,140.4400,141.4800,140.1800,141.0900,17234100
2022-02-04T14:30:00Z,139.8500,140.1400,138.7800,139.0100,23609800
2022-02-07T14:30:00Z,138.9100,139.3100,138.5500,139.1000,12962400
2022-02-08T14:30:00Z,138.2100,138.5800,137.8200,138.1700,16269200
2022-02-09T14:30:00Z,138.7200,139.3700,138.1900,138.4300,14349100
2022-02-10T14:30:00Z,137.6600,137.8300,135.8400,136.2300,30896200
2022-02-11T14:30:00Z,136.8700,138.5100,135.3600,138.2500,43210300
2022-02-14T14:30:00Z,137.1300,137.7400,135.9700,136.5300,23157400
2022-02-15T14:30:00Z,135.6000,135.8400,134.9400,134.9800,18198500
2022-02-16T14:30:00Z,135.9500,136.0700,134.5100,135.7800,16473700
2022-02-17T14:30:00Z,136.4500,137.5700,135.9000,136.7900,24508200
2022-02-18T14:30:00Z,137.5200,138.3700,137.1600,138.2300,17522600
2022-02-22T14:30:00Z,137.6900,138.6700,137.4700,138.5900,19534000
2022-02-23T14:30:00Z,137.6800,137.8500,136.5700,136.6800,17757800
2022-02-24T14:30:00Z,139.1000,139.3700,136.2500,136.7700,28150400
2022-02-25T14:30:00Z,136.8600,137.3100,136.1800,136.8700,15025400
2022-02-28T14:30:00Z,138.4300,140.0400,138.3200,139.8700,25817700
2022-03-01T14:30:00Z,140.3600,142.3300,140.0000,141.3000,35664400
2022-03-02T14:30:00Z,139.8400,140.4200,136.4100,136.4700,30397400
2022-03-03T14:30:00Z,137.4900,138.7000,137.0200,137.8600,20649100
2022-03-04T14:30:00Z,140.3600,140.8200,139.3100,140.2400,25853100
2022-03-07T14:30:00Z,139.1200,140.6400,138.7700,139.1700,23710900
2022-03-08T14:30:00Z,137.5100,138.2500,137.2500,137.7700,28331300
2022-03-09T14:30:00Z,137.0700,137.3400,136.1300,136.4200,18819200
2022-03-10T14:30:00Z,134.8300,135.1700,133.7200,134.4600,26868900
2022-03-11T14:30:00Z,134.3300,135.4500,134.2100,134.9100,15583800
2022-03-14T13:30:00Z,132.7000,132.8900,131.7200,131.7600,24385000
2022-03-15T13:30:00Z,132.8600,133.1500,131.1900,131.5300,17518800
2022-03-16T13:30:00Z,131.8300,133.1300,130.3200,132.8200,25857700
2022-03-17T13:30:00Z,132.8200,133.3400,131.0700,131.8300,19330600
2022-03-18T13:30:00Z,132.5700,133.5400,132.5700,133.4400,55891700
2022-03-21T13:30:00Z,131.2800,131.6700,129.7500,130.3500,26122000
2022-03-22T13:30:00Z,128.9600,129.3400,128.3400,128.6800,21830900
2022-03-23T13:30:00Z,129.3700,131.6000,128.8600,131.5000,21266100
2022-03-24T13:30:00Z,129.6500,131.1800,129.6000,130.4700,17141600
2022-03-25T13:30:00Z,129.5000,129.5200,127.6500,128.6600,25684500
2022-03-28T13:30:00Z,129.3900,130.5600,129.0400,129.7600,17657800
2022-03-29T13:30:00Z,130.5600,131.5500,129.7400,130.7400,19319700
2022-03-30T13:30:00Z,130.0700,132.0100,129.9900,131.7600,16310200
2022-03-31T13:30:00Z,131.9800,132.6700,131.6600,132.0800,19901000
2022-04-01T13:30:00Z,130.0100,132.9600,129.7100,132.3800,23489700
2022-04-04T13:30:00Z,131.9300,131.9800,130.7100,131.4600,13609900
2022-04-05T13:30:00Z,130.7600,130.7800,128.2900,128.4900,25196900
2022-04-06T13:30:00Z,126.4300,128.3000,126.4000,127.4500,22952000
2022-04-07T13:30:00Z,126.1100,126.6700,125.4100,126.4900,23458800
2022-04-08T13:30:00Z,125.4500,125.8300,124.2600,125.1200,26859200
2022-04-11T13:30:00Z,123.9200,124.1900,122.5600,123.1400,30020700
2022-04-12T13:30:00Z,124.0500,124.1600,122.6700,122.9700,23124200
2022-04-13T13:30:00Z,123.0500,124.3000,122.8900,123.2200,17189500
2022-04-14T13:30:00Z,122.8600,122.9300,120.3800,120.7500,34274500
2022-04-18T13:30:00Z,120.8700,121.0800,119.6900,120.1500,18784300
2022-04-19T13:30:00Z,119.1500,119.7200,118.6700,119.2500,26012300
2022-04-20T13:30:00Z,120.2200,121.9700,119.9200,121.6500,31423200
2022-04-21T13:30:00Z,120.8300,120.9100,119.1700,120.7500,23323200
2022-04-22T13:30:00Z,120.0700,121.4400,119.8100,119.9900,19773400
2022-04-25T13:30:00Z,121.3800,122.1900,121.1300,121.1900,25418900
2022-04-26T13:30:00Z,122.4400,123.0300,121.7600,122.4100,26931300
2022-04-27T13:30:00Z,122.1900,122.3200,120.7700,120.8400,14560500
2022-04-28T13:30:00Z,120.3900,121.0700,120.0100,121.0200,16892500
2022-04-29T13:30:00Z,119.3100,120.9700,119.1100,119.4500,26153400
2022-05-02T13:30:00Z,117.8600,118.2700,116.9300,117.1800,29233900
2022-05-03T13:30:00Z,119.0400,119.3100,117.8900,117.9700,21256700
2022-05-04T13:30:00Z,117.9700,118.9700,117.3500,118.6200,25575700
2022-05-05T13:30:00Z,116.3500,116.4700,114.0200,115.3700,48384500
2022-05-06T13:30:00Z,114.1400,115.0400,113.3100,113.6700,32790500
2022-05-09T13:30:00Z,112.8600,114.7100,112.6200,114.6700,26773000
2022-05-10T13:30:00Z,115.8900,116.9600,115.4800,115.7100,33640800
2022-05-11T13:30:00Z,114.7400,117.9400,114.4400,117.9400,34173600
2022-05-12T13:30:00Z,118.0200,118.8900,117.6600,117.7200,26405700
2022-05-13T13:30:00Z,116.9800,117.1500,115.9000,115.9800,20782700
2022-05-16T13:30:00Z,116.2100,116.9400,115.8500,115.8600,11050600
2022-05-17T13:30:00Z,114.7100,115.3500,114.3600,114.4600,15040800
2022-05-18T13:30:00Z,114.7200,117.0000,114.6100,116.9000,21337300
2022-05-19T13:30:00Z,118.6400,118.7200,116.8500,117.1800,21937500
2022-05-20T13:30:00Z,117.0900,119.0200,117.0600,118.5100,22780900
2022-05-23T13:30:00Z,117.7100,118.2500,116.5400,116.5600,15925200
2022-05-24T13:30:00Z,117.9000,119.6400,117.8600,118.8600,23388200
2022-05-25T13:30:00Z,119.6100,119.6200,118.5900,119.3300,14410800
2022-05-26T13:30:00Z,119.0200,119.0900,117.8000,118.7900,14912900
2022-05-27T13:30:00Z,119.3600,119.7400,118.7400,119.0800,11190400
2022-05-31T13:30:00Z,117.1800,117.2300,115.9300,116.5600,28393700
2022-06-01T13:30:00Z,117.0300,117.3400,115.6900,116.2200,15544800
2022-06-02T13:30:00Z,116.6300,116.7100,115.4600,116.2800,9832000
2022-06-03T13:30:00Z,115.0900,116.0600,114.8700,116.0300,15330400
2022-06-06T13:30:00Z,115.1500,115.5100,113.8100,113.8900,20815400
2022-06-07T13:30:00Z,114.6100,115.7800,114.5800,115.1200,14278700
2022-06-08T13:30:00Z,114.6800,115.1300,114.0800,114.1000,11476100
2022-06-09T13:30:00Z,113.8400,114.7100,113.6800,114.4800,15527300
2022-06-10T13:30:00Z,114.3600,114.6100,112.9700,113.7700,21917100
2022-06-13T13:30:00Z,111.4900,111.6700,109.2400,110.2000,36968300
2022-06-14T13:30:00Z,110.5300,110.9800,108.5900,108.8100,21865900
2022-06-15T13:30:00Z,110.0900,110.9900,109.0300,110.8400,25202800
2022-06-16T13:30:00Z,108.4500,111.7200,108.1200,111.7200,26067300
2022-06-17T13:30:00Z,112.0100,112.8300,110.9600,112.0800,21614300
2022-06-21T13:30:00Z,110.0900,111.0200,109.8100,110.1800,17663800
2022-06-22T13:30:00Z,112.6900,113.3100,112.3800,113.2100,23703800
2022-06-23T13:30:00Z,113.9000,115.1700,113.4900,114.1400,20669200
2022-06-24T13:30:00Z,113.4600,114.1700,112.5000,112.5600,18161300
2022-06-27T13:30:00Z,111.2200,112.2200,111.1600,111.6000,12053000
2022-06-28T13:30:00Z,111.2900,112.1800,110.8700,112.1200,13706600
2022-06-29T13:30:00Z,112.3800,113.9000,112.1700,113.8700,12925400
2022-06-30T13:30:00Z,114.8600,115.7700,114.7500,114.8700,25802100
2022-07-01T13:30:00Z,115.9000,117.5900,115.2200,115.8200,21858800
2022-07-05T13:30:00Z,116.8900,117.7500,116.1700,116.7300,16689700
2022-07-06T13:30:00Z,117.3900,117.5400,114.7700,114.7700,20205400
2022-07-07T13:30:00Z,115.1000,115.1700,113.5100,113.7600,13088000
2022-07-08T13:30:00Z,113.5000,113.5000,112.0500,112.5000,15320000
2022-07-11T13:30:00Z,113.7900,114.7900,113.7000,114.4400,13639900
2022-07-12T13:30:00Z,115.5100,116.2300,114.9700,115.1200,18547300
2022-07-13T13:30:00Z,113.7700,116.6500,113.4500,116.4400,20594800
2022-07-14T13:30:00Z,115.0800,116.1600,114.4700,115.4900,15665000
2022-07-15T13:30:00Z,115.8400,116.8200,115.6000,116.1400,16022600
2022-07-18T13:30:00Z,115.2500,115.3200,114.1800,114.9300,15838300
2022-07-19T13:30:00Z,114.9100,115.1500,113.6600,114.3100,9276800
2022-07-20T13:30:00Z,115.4800,115.5500,114.0500,114.6100,9117300
2022-07-21T13:30:00Z,115.1900,116.7200,115.0100,116.5900,14754900
2022-07-22T13:30:00Z,118.2900,119.2700,117.9700,118.5500,17715300
2022-07-25T13:30:00Z,116.7100,117.5400,116.4700,117.3900,24868100
2022-07-26T13:30:00Z,118.8600,119.2400,117.4000,117.4800,13536000
2022-07-27T13:30:00Z,118.0100,118.4900,116.7100,116.8200,15725600
2022-07-28T13:30:00Z,118.0500,118.9200,117.3200,117.7500,16637900
2022-07-29T13:30:00Z,117.7000,119.3100,117.3300,117.4300,16655900
2022-08-01T13:30:00Z,118.2500,120.1000,118.0800,120.0400,17974600
2022-08-02T13:30:00Z,120.1500,120.6900,117.2900,117.5000,17896300
2022-08-03T13:30:00Z,117.1700,119.4900,116.3300,119.3500,16731200
2022-08-04T13:30:00Z,118.9800,119.5500,118.5400,119.3100,11003000
2022-08-05T13:30:00Z,117.0700,117.1100,115.8900,116.4700,19492300
2022-08-08T13:30:00Z,117.6400,118.5300,117.5600,118.3500,17476300
2022-08-09T13:30:00Z,117.7300,118.3600,117.4600,117.8900,8223200
2022-08-10T13:30:00Z,117.7300,118.9100,116.7300,117.1200,14665300
2022-08-11T13:30:00Z,116.8700,117.0600,114.0900,114.3900,20663800
2022-08-12T13:30:00Z,115.1000,115.5700,114.4300,115.5500,12178400
2022-08-15T13:30:00Z,116.3300,116.7500,115.4500,115.4500,9031800
2022-08-16T13:30:00Z,115.2500,116.0200,114.2400,115.9300,11066000
2022-08-17T13:30:00Z,115.0600,115.1000,114.3100,114.7200,14131300
2022-08-18T13:30:00Z,114.9700,115.6400,114.5900,114.8900,10738200
2022-08-19T13:30:00Z,113.2300,113.3400,112.7400,113.0400,16330900
2022-08-22T13:30:00Z,112.8600,112.9600,112.1300,112.6600,10457200
2022-08-23T13:30:00Z,112.1900,113.4800,111.7400,112.0400,17813200
2022-08-24T13:30:00Z,111.4900,111.8700,110.8600,111.2200,13971600
2022-08-25T13:30:00Z,111.3200,113.0900,110.9900,112.7700,21429700
2022-08-26T13:30:00Z,112.3000,113.9900,112.0100,113.6200,18764400
2022-08-29T13:30:00Z,112.9400,113.0100,112.1300,112.6800,14278300
2022-08-30T13:30:00Z,112.6200,113.5100,112.2100,112.9600,14346600
2022-08-31T13:30:00Z,112.6900,113.3400,111.5800,111.8800,13623500
2022-09-01T13:30:00Z,109.8700,110.2500,108.9400,109.6000,22490400
2022-09-02T13:30:00Z,109.6800,110.5600,109.4700,110.2200,13024400
2022-09-06T13:30:00Z,108.9000,108.9700,107.4200,107.4900,24648500
2022-09-07T13:30:00Z,108.3200,109.4800,108.2100,109.1900,17050100
2022-09-08T13:30:00Z,108.8400,109.5200,108.0500,108.0700,14671400
2022-09-09T13:30:00Z,108.3300,108.8000,107.6300,108.3100,12529800
2022-09-12T13:30:00Z,108.6300,108.8900,106.9200,107.4200,14806900
2022-09-13T13:30:00Z,106.5600,107.7400,106.2400,107.6700,22158900
2022-09-14T13:30:00Z,107.3400,108.2100,107.1200,108.0400,13077800
2022-09-15T13:30:00Z,107.8500,108.1900,107.5800,107.9700,10260200
2022-09-16T13:30:00Z,107.0300,108.0500,106.7700,107.0700,18903800
2022-09-19T13:30:00Z,106.9600,107.8200,106.8000,107.3200,11084400
2022-09-20T13:30:00Z,105.6900,106.8400,105.4000,106.2500,20133800
2022-09-21T13:30:00Z,106.7000,108.0400,105.9700,108.0300,23132900
2022-09-22T13:30:00Z,105.7900,105.9600,104.7300,105.2700,29030600
2022-09-23T13:30:00Z,105.3400,106.4300,104.5600,105.7000,23042200
2022-09-26T13:30:00Z,105.3600,105.4100,103.2200,103.6800,25104600
2022-09-27T13:30:00Z,102.7100,102.9800,100.9000,100.9500,34609500
2022-09-28T13:30:00Z,103.1300,104.4500,102.4800,104.3300,39283100
2022-09-29T13:30:00Z,102.9000,104.2300,102.8000,103.7900,19127100
2022-09-30T13:30:00Z,104.2700,104.8600,102.2300,102.4500,26485700
2022-10-03T13:30:00Z,103.8500,104.6800,103.1500,103.8300,27192200
2022-10-04T13:30:00Z,104.1500,104.6500,103.3000,103.5400,13788700
2022-10-05T13:30:00Z,102.7300,102.8400,101.5800,102.5500,20522100
2022-10-06T13:30:00Z,102.5900,102.8400,101.5300,101.9800,13965700
2022-10-07T13:30:00Z,100.8100,101.6200,100.4700,100.9900,14814800
2022-10-10T13:30:00Z,100.5000,100.5100,98.8000,99.4200,15652600
2022-10-11T13:30:00Z,99.7400,100.9000,98.9900,99.8600,33246700
2022-10-12T13:30:00Z,99.2800,100.5400,99.1900,100.3500,21447600
2022-10-13T13:30:00Z,98.3600,100.3800,98.3400,99.3900,30292500
2022-10-14T13:30:00Z,100.1900,100.1900,98.2500,98.5700,18728200
2022-10-17T13:30:00Z,99.2900,99.6600,97.9400,98.0900,18969900
2022-10-18T13:30:00Z,97.9500,98.4600,96.8700,98.3200,16931500
2022-10-19T13:30:00Z,97.1900,97.4200,96.3200,96.5300,25431600
2022-10-20T13:30:00Z,95.9300,96.3300,94.7400,94.8800,25434900
2022-10-21T13:30:00Z,93.0200,93.9300,92.2600,93.1700,46280300
2022-10-24T13:30:00Z,92.8200,93.5500,91.8500,92.4000,31332600
2022-10-25T13:30:00Z,94.5800,95.2300,94.4400,95.0900,31213100
2022-10-26T13:30:00Z,95.7700,96.6900,95.7700,96.4600,24843900
2022-10-27T13:30:00Z,96.9800,97.9000,96.2200,97.4700,20270000
2022-10-28T13:30:00Z,96.8600,97.6300,96.4100,96.8000,22244100
2022-10-31T13:30:00Z,96.3600,96.6200,95.0300,96.1100,23956700
2022-11-01T13:30:00Z,97.3800,97.4200,96.2100,96.7700,17585100
2022-11-02T13:30:00Z,96.9100,97.6300,95.9600,96.3500,25010500
2022-11-03T13:30:00Z,95.1700,96.3800,95.0900,95.8300,29097500
2022-11-04T13:30:00Z,95.1000,95.6600,94.2200,94.2200,23561400
2022-11-07T14:30:00Z,94.8000,94.8600,93.2400,93.2800,14522800
2022-11-08T14:30:00Z,93.8000,94.9600,93.7700,94.3000,20360600
2022-11-09T14:30:00Z,93.8200,95.0200,93.6900,94.6100,15637500
2022-11-10T14:30:00Z,96.7300,98.4300,96.6400,98.2500,45380900
2022-11-11T14:30:00Z,97.5700,98.3700,97.5400,97.8900,15943100
2022-11-14T14:30:00Z,97.9100,97.9900,97.0900,97.6500,13741100
2022-11-15T14:30:00Z,98.2500,99.3000,98.1100,99.2300,26608200
2022-11-16T14:30:00Z,100.0200,101.4500,99.7400,101.4000,28507700
2022-11-17T14:30:00Z,100.2000,100.5700,99.7800,100.3300,24528900
2022-11-18T14:30:00Z,100.6000,100.8900,99.5500,99.6400,14941300
2022-11-21T14:30:00Z,100.6900,100.8200,99.8000,100.0600,15534000
2022-11-22T14:30:00Z,100.6500,101.6200,100.5300,101.4800,18103100
2022-11-23T14:30:00Z,102.1400,103.2500,102.0800,103.2500,23234600
2022-11-25T14:30:00Z,102.6100,102.9300,102.4300,102.9000,9486100
2022-11-28T14:30:00Z,103.6100,103.8100,102.6900,103.1900,14563200
2022-11-29T14:30:00Z,102.1500,102.9600,101.9100,101.9800,16576400
2022-11-30T14:30:00Z,101.6200,102.7300,101.3700,102.7300,21581700
2022-12-01T14:30:00Z,103.1500,105.8100,103.1000,105.7600,53156800
2022-12-02T14:30:00Z,105.3000,107.1000,104.6100,107.0900,24479500
2022-12-05T14:30:00Z,105.8400,105.9900,104.9000,105.5900,20159700
2022-12-06T14:30:00Z,106.5000,107.3900,106.1900,106.9500,21754500
2022-12-07T14:30:00Z,108.3700,109.6800,108.2000,109.4700,30546700
2022-12-08T14:30:00Z,108.7000,109.4500,108.4700,109.1700,13377300
2022-12-09T14:30:00Z,107.9400,108.1700,106.2700,106.3300,25872200
2022-12-12T14:30:00Z,107.8600,108.1100,106.2600,106.6700,16897100
2022-12-13T14:30:00Z,109.0400,109.0800,107.4600,107.7000,23854700
2022-12-14T14:30:00Z,107.6600,108.3200,106.8900,108.1600,19517500
2022-12-15T14:30:00Z,108.3900,109.1200,108.1600,108.3200,20246200
2022-12-16T14:30:00Z,106.6000,107.8300,106.3100,107.1100,20838300
2022-12-19T14:30:00Z,105.8300,105.8400,104.9800,105.3100,26126800
2022-12-20T14:30:00Z,103.3800,103.8100,103.1000,103.4400,28869000
2022-12-21T14:30:00Z,104.2900,104.4000,102.9600,103.7000,15894100
2022-12-22T14:30:00Z,103.6700,104.1200,103.3800,103.6800,11322500
2022-12-23T14:30:00Z,102.5800,102.8100,102.0200,102.1600,15408900
2022-12-27T14:30:00Z,100.4900,101.0700,100.0100,100.1400,26475700
2022-12-28T14:30:00Z,100.6500,100.7800,99.3500,99.5500,17302900
2022-12-29T14:30:00Z,99.8600,100.9900,99.7900,100.6800,16593000
2022-12-30T14:30:00Z,99.8700,100.5500,99.3700,99.5600,20810200
2023-01-03T14:30:00Z,102.2000,102.3400,100.8400,101.4600,25313200
2023-01-04T14:30:00Z,103.2200,103.4800,102.2100,102.8500,21678200
2023-01-05T14:30:00Z,101.8700,103.2900,101.7800,103.2800,14771100
2023-01-06T14:30:00Z,102.7000,105.3000,102.6400,105.1800,27473700
2023-01-09T14:30:00Z,104.4100,105.9300,104.2700,105.7400,21472200
2023-01-10T14:30:00Z,104.5300,104.8200,103.5000,103.9900,20545200
2023-01-11T14:30:00Z,104.9700,105.7200,104.7000,105.6800,18794000
2023-01-12T14:30:00Z,105.8200,107.8100,104.5600,107.7600,32029600
2023-01-13T14:30:00Z,107.1000,107.8000,106.3800,106.7500,17750800
2023-01-17T14:30:00Z,105.6700,106.6600,105.6500,106.0600,13911700
2023-01-18T14:30:00Z,108.4600,108.7700,107.1200,108.6300,35497200
2023-01-19T14:30:00Z,108.1000,108.3700,107.4400,107.9500,17194700
2023-01-20T14:30:00Z,106.9600,107.2400,106.1100,106.2000,22754100
2023-01-23T14:30:00Z,105.5700,106.2000,105.4900,105.7000,12961500
2023-01-24T14:30:00Z,106.1200,107.4500,105.3900,107.2200,16417200
2023-01-25T14:30:00Z,107.3700,107.9100,106.6400,107.4800,11906500
2023-01-26T14:30:00Z,107.1400,107.6500,106.4900,106.9800,15549400
2023-01-27T14:30:00Z,106.1900,106.9600,106.1100,106.7100,11845500
2023-01-30T14:30:00Z,106.4600,107.1600,106.1900,106.3200,11459700
2023-01-31T14:30:00Z,106.9800,107.2800,105.8700,107.1700,13705300
2023-02-01T14:30:00Z,107.5500,108.5900,106.4200,108.1800,25305800
2023-02-02T14:30:00Z,108.9200,109.3500,108.0900,108.3200,19548400
2023-02-03T14:30:00Z,106.7700,107.1100,106.0800,106.7000,20619500
2023-02-06T14:30:00Z,105.7500,106.3100,105.6800,105.9100,15182400
2023-02-07T14:30:00Z,105.3300,106.2300,105.0000,105.0600,18290300
2023-02-08T14:30:00Z,105.0400,105.5800,104.3900,105.5600,13530700
2023-02-09T14:30:00Z,106.4700,106.6200,104.3900,104.5600,20469900
2023-02-10T14:30:00Z,104.4000,104.4400,103.1200,103.3900,16598300
2023-02-13T14:30:00Z,103.7100,104.4200,103.5800,104.2600,13134300
2023-02-14T14:30:00Z,104.2000,104.8300,103.1400,104.0200,15440300
2023-02-15T14:30:00Z,103.5500,103.9500,102.5000,103.0500,15246900
2023-02-16T14:30:00Z,102.0700,102.2200,101.3300,101.5900,19267300
2023-02-17T14:30:00Z,101.1000,102.3800,100.9700,102.3800,19560900
2023-02-21T14:30:00Z,101.0100,101.2000,100.2800,100.3900,22728000
2023-02-22T14:30:00Z,100.9900,101.6900,100.9500,101.3100,15165400
2023-02-23T14:30:00Z,101.5400,102.5900,101.4700,102.3000,15829100
2023-02-24T14:30:00Z,101.4400,101.8000,100.5600,100.9700,21403600
2023-02-27T14:30:00Z,101.2900,101.7000,100.9100,101.2500,14209200
2023-02-28T14:30:00Z,100.5700,101.7200,100.2800,101.7100,14955700
2023-03-01T14:30:00Z,100.8200,101.0300,99.9600,100.3700,19000000
2023-03-02T14:30:00Z,99.0600,99.6500,98.8800,99.4800,23763600
2023-03-03T14:30:00Z,100.9300,101.9000,100.5700,101.8900,30877300
2023-03-06T14:30:00Z,102.2200,102.3400,100.9900,101.1000,16631900
2023-03-07T14:30:00Z,101.4600,102.3700,100.8800,101.7200,23096500
2023-03-08T14:30:00Z,102.4000,102.9700,101.4200,101.8200,20252400
2023-03-09T14:30:00Z,101.5500,102.5200,101.3300,102.0700,21550400
2023-03-10T14:30:00Z,104.0300,105.6900,104.0000,105.5900,43921500
2023-03-13T13:30:00Z,108.2000,109.1000,105.0400,105.8300,51502500
2023-03-14T13:30:00Z,105.1400,105.6100,103.7500,104.0900,38417800
2023-03-15T13:30:00Z,106.7800,107.7100,105.3500,106.1000,45164100
2023-03-16T13:30:00Z,107.3800,108.0300,105.0400,105.2700,43089300
2023-03-17T13:30:00Z,106.6500,107.7300,106.4600,106.8500,38129000
2023-03-20T13:30:00Z,106.8800,106.9600,105.7200,105.9100,24242800
2023-03-21T13:30:00Z,105.0800,105.4200,104.5400,105.0000,18934900
2023-03-22T13:30:00Z,104.6600,106.4500,104.4400,106.4000,26388500
2023-03-23T13:30:00Z,105.3600,106.5500,104.8200,106.4000,25475100
2023-03-24T13:30:00Z,107.0900,107.4300,106.2600,106.8500,23652700
2023-03-27T13:30:00Z,105.0500,105.7600,104.3300,104.3400,22224500
2023-03-28T13:30:00Z,104.2400,104.6800,104.0200,104.5300,17794300
2023-03-29T13:30:00Z,103.7000,104.4500,103.6000,104.3200,16804400
2023-03-30T13:30:00Z,104.4600,105.0500,104.2700,104.8000,14315800
2023-03-31T13:30:00Z,105.3500,106.5600,105.0800,106.3700,25396700
2023-04-03T13:30:00Z,105.8800,107.1000,105.7000,106.6000,18234800
2023-04-04T13:30:00Z,105.7800,107.8000,105.7500,107.1300,18052400
2023-04-05T13:30:00Z,107.7700,108.3700,107.4100,108.2500,23047700
2023-04-06T13:30:00Z,108.4200,108.8700,108.3900,108.5300,16447300
2023-04-10T13:30:00Z,107.6400,107.7600,106.5600,106.7800,19134400
2023-04-11T13:30:00Z,107.0500,107.0900,106.5100,107.0000,13971200
2023-04-12T13:30:00Z,107.0500,107.1700,105.8800,106.8900,20563000
2023-04-13T13:30:00Z,107.0500,107.3900,105.8800,106.0500,22079400
2023-04-14T13:30:00Z,105.3900,105.5500,104.7700,105.0800,19801900
2023-04-17T13:30:00Z,104.4200,104.5900,103.7100,103.8300,19528800
2023-04-18T13:30:00Z,103.8100,104.5900,103.8000,104.2000,15922600
2023-04-19T13:30:00Z,103.9100,104.2400,103.4800,104.1000,16093900
2023-04-20T13:30:00Z,104.8300,105.2800,104.7500,104.9900,16450100
2023-04-21T13:30:00Z,105.3000,105.4600,104.2700,104.4000,15244700
2023-04-24T13:30:00Z,104.9600,105.4900,104.8400,105.4100,17034300
2023-04-25T13:30:00Z,106.3300,107.1300,106.2800,106.9600,21899900
2023-04-26T13:30:00Z,106.7900,107.2400,105.6700,105.8200,19610400
2023-04-27T13:30:00Z,105.2000,105.2700,104.6100,104.7700,20247600
2023-04-28T13:30:00Z,106.2100,106.7600,105.8600,106.4600,26954100
2023-05-01T13:30:00Z,105.2700,105.4200,102.8400,103.1300,32487300
2023-05-02T13:30:00Z,104.0000,105.7000,103.8900,105.7000,30057800
2023-05-03T13:30:00Z,106.0000,106.6000,105.2800,106.2900,23656200
2023-05-04T13:30:00Z,105.2200,106.4500,105.1500,105.2400,25110500
2023-05-05T13:30:00Z,104.3500,104.9000,104.1100,104.8900,15096500
2023-05-08T13:30:00Z,103.5200,103.8700,103.3200,103.4200,20587000
2023-05-09T13:30:00Z,103.5000,103.6400,103.0000,103.0500,19182500
2023-05-10T13:30:00Z,103.6700,104.2400,103.6400,104.0500,22886800
2023-05-11T13:30:00Z,105.3000,105.5200,104.7200,105.1500,19147200
2023-05-12T13:30:00Z,105.0500,105.2500,104.2500,104.2700,14198500
2023-05-15T13:30:00Z,103.3900,103.4700,103.1200,103.1900,20085300
2023-05-16T13:30:00Z,102.4000,102.9000,102.1100,102.8800,29251700
2023-05-17T13:30:00Z,103.0800,103.1600,102.3500,102.5800,21340900
2023-05-18T13:30:00Z,102.2000,102.2600,101.7500,101.8200,25536600
2023-05-19T13:30:00Z,101.2600,101.8600,100.9300,101.1000,29038000
2023-05-22T13:30:00Z,101.2500,101.7100,100.6700,100.7400,20131100
2023-05-23T13:30:00Z,100.4300,101.2500,100.2800,101.0300,21749500
2023-05-24T13:30:00Z,101.2800,101.3600,100.5300,100.5300,18473400
2023-05-25T13:30:00Z,100.7000,100.8000,100.0300,100.2800,22492800
2023-05-26T13:30:00Z,100.1200,101.1700,100.0000,101.0900,17030300
2023-05-30T13:30:00Z,101.4000,102.2400,101.2500,102.1000,23125200
2023-05-31T13:30:00Z,101.9900,103.1800,101.8700,102.9900,23787000
2023-06-01T13:30:00Z,103.2800,103.6300,102.6300,103.1200,21040400
2023-06-02T13:30:00Z,103.0000,103.0700,101.9400,101.9900,19136500
2023-06-05T13:30:00Z,101.3500,102.4400,101.2100,101.8000,14433200
2023-06-06T13:30:00Z,101.8400,102.4700,101.3900,102.4000,14332100
2023-06-07T13:30:00Z,102.1700,102.4300,100.7800,100.8800,25251100
2023-06-08T13:30:00Z,100.8700,102.1400,100.8000,102.0600,23845100
2023-06-09T13:30:00Z,101.6000,102.2700,101.3400,101.9200,22147400
2023-06-12T13:30:00Z,102.2400,102.3000,101.1200,102.2200,19010300
2023-06-13T13:30:00Z,102.1100,102.3300,100.9700,101.2100,25910800
2023-06-14T13:30:00Z,101.6300,102.2900,101.4600,102.0200,29094200
2023-06-15T13:30:00Z,103.0300,103.6300,102.6000,103.0000,25732000
2023-06-16T13:30:00Z,102.4400,102.8300,102.0300,102.6000,16759100
2023-06-20T13:30:00Z,103.1100,103.6600,103.1100,103.3100,17162900
2023-06-21T13:30:00Z,102.8100,103.6500,102.3400,103.5600,19720100
2023-06-22T13:30:00Z,102.8000,103.2500,102.2000,102.3100,23630700
2023-06-23T13:30:00Z,103.8300,103.9500,102.9800,103.3300,22901900
2023-06-26T13:30:00Z,103.6200,103.8000,103.1600,103.4400,12894900
2023-06-27T13:30:00Z,103.5900,103.9500,102.7600,103.1700,18105700
2023-06-28T13:30:00Z,103.4100,103.8400,102.8300,103.6100,23826800
2023-06-29T13:30:00Z,102.1700,102.3400,101.4500,101.7400,41091600
2023-06-30T13:30:00Z,102.0600,103.0600,101.8700,102.9400,32024900
2023-07-03T13:30:00Z,102.8400,103.2600,102.0600,102.0800,16011800
2023-07-05T13:30:00Z,101.8900,102.0000,100.7400,101.1100,28170300
2023-07-06T13:30:00Z,100.2000,100.3800,99.4700,99.6800,41375700
2023-07-07T13:30:00Z,99.1800,99.6000,98.9900,99.0800,28996500
2023-07-10T13:30:00Z,98.8600,99.5300,98.8500,99.2100,24665200
2023-07-11T13:30:00Z,99.5700,99.9700,99.2900,99.7200,20485500
2023-07-12T13:30:00Z,100.1000,101.1200,99.7700,100.8300,31928000
2023-07-13T13:30:00Z,101.3100,101.9700,101.0300,101.8900,32441500
2023-07-14T13:30:00Z,101.7200,101.9400,101.2400,101.2900,18569000
2023-07-17T13:30:00Z,101.2300,101.4900,100.9200,101.3400,18822000
2023-07-18T13:30:00Z,101.8000,102.0700,101.5700,101.8000,15407400
2023-07-19T13:30:00Z,102.0000,102.9800,101.7300,102.9500,27192500
2023-07-20T13:30:00Z,102.2200,102.3100,101.2800,101.7000,56951200
2023-07-21T13:30:00Z,102.1600,102.3500,101.6300,101.7300,20657500
2023-07-24T13:30:00Z,101.9900,102.1500,101.3000,101.3600,17546700
2023-07-25T13:30:00Z,100.8300,101.5000,100.8000,101.1700,17160600
2023-07-26T13:30:00Z,101.6800,101.6900,100.9300,101.2700,19310700
2023-07-27T13:30:00Z,100.7100,100.9300,98.9100,99.3000,44794400
2023-07-28T13:30:00Z,99.4000,99.8600,99.1500,99.8100,27434000
2023-07-31T13:30:00Z,99.6500,100.3300,99.6200,100.0500,28663800
2023-08-01T13:30:00Z,98.8400,98.9200,97.9000,98.1400,34943400
2023-08-02T13:30:00Z,97.0400,97.2400,96.4100,97.0900,38121300
2023-08-03T13:30:00Z,95.1900,95.3200,94.5400,94.8500,59394800
2023-08-04T13:30:00Z,95.1500,96.6800,95.1300,96.5300,42071800
2023-08-07T13:30:00Z,96.1100,96.2000,95.5000,95.5800,35862900
2023-08-08T13:30:00Z,96.8600,97.3700,96.4400,96.6900,24010500
2023-08-09T13:30:00Z,96.8800,97.2900,96.8400,97.1900,20151100
2023-08-10T13:30:00Z,97.0400,97.3600,95.5900,95.5900,37253200
2023-08-11T13:30:00Z,95.3000,95.8700,95.2000,95.3700,26753500
2023-08-14T13:30:00Z,95.2100,95.9300,94.9000,95.1600,19072000
2023-08-15T13:30:00Z,94.8000,95.2000,94.5600,94.5800,24125000
2023-08-16T13:30:00Z,94.2800,94.7900,93.7200,93.8400,23076700
2023-08-17T13:30:00Z,93.5000,93.6100,93.0200,93.4400,32244900
2023-08-18T13:30:00Z,93.4300,94.1900,93.3000,93.7700,24181700
2023-08-21T13:30:00Z,92.6600,92.7600,92.2300,92.5200,29254100
2023-08-22T13:30:00Z,92.6400,93.2800,92.4600,93.2300,21308700
2023-08-23T13:30:00Z,94.3000,95.5500,94.2300,95.5400,38294700
2023-08-24T13:30:00Z,95.1300,95.5500,94.8900,94.9100,22300800
2023-08-25T13:30:00Z,94.6600,95.5100,94.5100,95.2200,23865200
2023-08-28T13:30:00Z,95.6500,95.6600,94.8900,95.3200,16037300
2023-08-29T13:30:00Z,94.9700,96.5100,94.9400,96.3100,28478100
2023-08-30T13:30:00Z,96.1600,96.4000,95.8800,96.2100,17550100
2023-08-31T13:30:00Z,96.5400,97.0500,96.4300,96.6400,26959700
2023-09-01T13:30:00Z,95.8000,95.8200,94.6200,94.8500,32469700
2023-09-05T13:30:00Z,94.2800,94.2900,93.4900,93.5200,29435900
2023-09-06T13:30:00Z,94.0900,94.1100,93.4600,93.7500,23636300
2023-09-07T13:30:00Z,94.0000,94.0700,93.6800,94.0100,18091500
2023-09-08T13:30:00Z,94.3800,94.9000,94.1700,94.3700,17052100
2023-09-11T13:30:00Z,93.7000,93.9800,93.5500,93.6900,17061500
2023-09-12T13:30:00Z,93.8900,94.2400,93.5800,94.2300,20034300
2023-09-13T13:30:00Z,93.9200,94.5300,93.8200,94.2100,23332300
2023-09-14T13:30:00Z,93.9400,94.2100,93.4000,93.5300,27800600
2023-09-15T13:30:00Z,93.4600,93.4800,92.9600,92.9600,25642900
2023-09-18T13:30:00Z,92.8500,93.5300,92.8200,93.4900,17963400
2023-09-19T13:30:00Z,93.0800,93.4300,92.8000,92.8000,24941800
2023-09-20T13:30:00Z,93.2900,93.6000,93.0400,93.0900,29451200
2023-09-21T13:30:00Z,91.2900,91.3700,90.6900,90.7000,59958700
2023-09-22T13:30:00Z,90.8100,91.6100,90.6700,91.4300,29524500
2023-09-25T13:30:00Z,89.6600,90.0400,89.1500,89.1800,45587900
2023-09-26T13:30:00Z,89.4300,89.6200,88.7100,88.8700,38104100
2023-09-27T13:30:00Z,89.5400,89.6200,88.0900,88.4100,47111200
2023-09-28T13:30:00Z,87.6200,88.7300,87.1000,88.6800,60238000
2023-09-29T13:30:00Z,89.2700,89.4900,88.1300,88.6900,49010100
2023-10-02T13:30:00Z,87.8200,87.9300,86.7100,86.9300,44704300
2023-10-03T13:30:00Z,86.3100,86.6500,84.8900,85.0600,71362600
2023-10-04T13:30:00Z,85.7700,86.3100,85.3700,86.2600,56281600
2023-10-05T13:30:00Z,86.1100,86.1900,85.6400,85.8300,35758800
2023-10-06T13:30:00Z,84.2000,85.6900,84.0600,84.7900,62787900
2023-10-09T13:30:00Z,85.5000,86.8000,84.9500,86.7800,29424900
2023-10-10T13:30:00Z,85.8500,87.1700,85.5200,86.6600,54743900
2023-10-11T13:30:00Z,87.8500,88.4700,87.6000,88.4700,58517700
2023-10-12T13:30:00Z,88.0500,88.1900,85.9300,86.0700,66986700
2023-10-13T13:30:00Z,87.6000,87.8300,87.1700,87.6100,44183800
2023-10-16T13:30:00Z,86.1900,86.3700,85.9000,86.2000,38309800
2023-10-17T13:30:00Z,84.8900,85.6300,84.5000,85.2500,52949100
2023-10-18T13:30:00Z,84.3800,84.7200,83.8500,84.5000,63724600
2023-10-19T13:30:00Z,83.8800,84.5700,82.7400,82.7700,87696900
2023-10-20T13:30:00Z,82.9900,83.5400,82.7700,83.2400,52188800
2023-10-23T13:30:00Z,82.8100,84.8600,82.4200,84.2400,70890400
2023-10-24T13:30:00Z,84.4400,85.3500,84.0900,85.3500,46267700
2023-10-25T13:30:00Z,84.0200,84.1300,83.1300,83.4500,60737200
2023-10-26T13:30:00Z,83.4800,84.8200,83.4000,84.7300,49704100
2023-10-27T13:30:00Z,84.1900,84.9700,83.7400,84.3700,32362300
2023-10-30T13:30:00Z,83.8100,84.5000,83.2400,83.9900,45026900
2023-10-31T13:30:00Z,84.3700,84.7700,83.5500,83.5800,37269200
2023-11-01T13:30:00Z,84.0400,85.1200,84.0200,85.1000,72308500
2023-11-02T13:30:00Z,86.6800,87.3100,86.2200,87.0400,69739400
2023-11-03T13:30:00Z,88.8100,89.0500,87.5800,87.6300,77692300
2023-11-06T14:30:00Z,87.0700,87.2000,86.6000,86.7800,41341900
2023-11-07T14:30:00Z,87.6100,88.5000,87.5900,88.0600,37834200
2023-11-08T14:30:00Z,88.4800,89.6200,88.4500,89.5600,53893400
2023-11-09T14:30:00Z,88.9400,89.0300,86.7400,87.5000,88975100
2023-11-10T14:30:00Z,88.2300,88.4300,87.7700,87.9900,36516400
2023-11-13T14:30:00Z,87.2200,87.9400,86.9000,87.7900,25661500
2023-11-14T14:30:00Z,90.0000,90.1500,89.2900,89.7800,65666800
2023-11-15T14:30:00Z,89.0100,89.1400,88.3100,88.5200,56205300
2023-11-16T14:30:00Z,89.3000,89.9600,89.2500,89.6200,49473900
2023-11-17T14:30:00Z,90.1600,90.4300,89.6400,90.0400,44091400
2023-11-20T14:30:00Z,89.6200,90.6600,89.6100,90.5900,40477800
2023-11-21T14:30:00Z,90.5000,90.8000,89.8900,90.5500,27721000
2023-11-22T14:30:00Z,91.1200,91.3200,90.3800,90.8700,31197500
2023-11-24T14:30:00Z,90.1000,90.2600,89.7900,89.8000,20199600
2023-11-27T14:30:00Z,90.3000,91.3400,90.2100,91.3000,39804400
2023-11-28T14:30:00Z,90.9100,91.5300,90.7900,91.4800,44989300
2023-11-29T14:30:00Z,92.1100,92.7000,91.7800,92.6300,61647800
2023-11-30T14:30:00Z,91.9700,92.2900,91.1600,91.5600,60520900
2023-12-01T14:30:00Z,91.3100,93.0600,91.1300,92.9900,64172200
2023-12-04T14:30:00Z,92.4900,92.8300,92.0900,92.6200,33766300
2023-12-05T14:30:00Z,93.6300,94.6200,93.5700,94.6100,73588600
2023-12-06T14:30:00Z,95.0800,96.0500,94.8700,95.8700,61606100
2023-12-07T14:30:00Z,95.1800,96.0800,95.0600,95.3200,47970200
2023-12-08T14:30:00Z,94.4200,94.7200,93.9100,94.5400,44809200
2023-12-11T14:30:00Z,94.0100,94.4400,93.5300,94.3400,33909700
2023-12-12T14:30:00Z,94.1500,94.7000,93.9000,94.6200,36996900
2023-12-13T14:30:00Z,95.1700,96.9800,95.0200,96.8400,70828500
2023-12-14T14:30:00Z,97.6600,99.0400,97.4200,99.0400,87798600
2023-12-15T14:30:00Z,98.6900,99.3500,98.5800,99.1500,59941300
2023-12-18T14:30:00Z,98.5000,98.5000,98.0200,98.3600,34746000
2023-12-19T14:30:00Z,98.8600,99.2600,98.6600,98.8900,30018400
2023-12-20T14:30:00Z,99.1100,99.6900,98.5800,99.5600,51229400
2023-12-21T14:30:00Z,99.7400,99.8400,98.7500,98.9300,65231200
2023-12-22T14:30:00Z,99.3800,99.3800,98.2400,98.4800,29244200
2023-12-26T14:30:00Z,98.5400,98.8700,98.4800,98.7600,24019700
2023-12-27T14:30:00Z,99.7800,100.5300,99.5000,100.5100,45082800
2023-12-28T14:30:00Z,100.0900,100.5700,99.5600,99.7800,36213000
2023-12-29T14:30:00Z,99.1300,99.8200,98.8000,98.8800,41616200
